<!DOCTYPE hibernate-configuration PUBLIC
        "-//Hibernate/Hibernate Configuration DTD//EN"
        "http://www.hibernate.org/dtd/hibernate-configuration-3.0.dtd">

<hibernate-configuration>

    <session-factory>

        <!-- Database connection settings -->
        <property name="hibernate.connection.driver_class">com.mysql.cj.jdbc.Driver</property>
        <property name="hibernate.connection.url">jdbc:mysql://localhost:3306/shopstore_db</property>
        <property name="hibernate.connection.username">root</property>
        <property name="hibernate.connection.password">1234</property>

        <!-- Hibernate settings -->
        <property name="hibernate.dialect">org.hibernate.dialect.MySQLDialect</property>
        <property name="hibernate.show_sql">true</property>

        <mapping class="entities.Producator"/>
        <mapping class="entities.Product"/>
        <mapping class="entities.Customer"/>
        <mapping class="entities.CustomerAddress"/>
        <mapping class="entities.ShoppingCart"/>
        <mapping class="entities.ShoppingCartItem"/>

    </session-factory>
</hibernate-configuration>